{"accuracy": [0.6071413159370422, 0.8597339987754822, 0.9153425097465515], "loss": [1.3266456127166748, 0.4425443708896637, 0.26338058710098267], "val_accuracy": [0.8462326526641846, 0.9071249961853027, 0.9326769709587097], "val_loss": [0.49662065505981445, 0.2963328957557678, 0.2077028602361679]}